[
  {
    "model": "accounts.user",
    "pk": 1,
    "fields": {
      "username": "user1",
      "name": "사용자1",
      "nickname": "nick1",
      "email": "user1@example.com",
      "password": "pbkdf2_sha256$260000$dummy$1234567890abcdef1234567890abcdef1234567890abcdef1234567890abcdef",
      "age": 23,
      "profile_image": null,
      "annual_income": 4000,
      "invest_type": "C",
      "preferred_term": "S",
      "is_active": true,
      "is_superuser": false,
      "is_staff": false,
      "last_login": null,
      "date_joined": "2025-05-23T00:46:24.805538Z"
    }
  },
  {
    "model": "accounts.user",
    "pk": 2,
    "fields": {
      "username": "user2",
      "name": "사용자2",
      "nickname": "nick2",
      "email": "user2@example.com",
      "password": "pbkdf2_sha256$260000$dummy$1234567890abcdef1234567890abcdef1234567890abcdef1234567890abcdef",
      "age": 20,
      "profile_image": null,
      "annual_income": 6000,
      "invest_type": "B",
      "preferred_term": "L",
      "is_active": true,
      "is_superuser": false,
      "is_staff": false,
      "last_login": null,
      "date_joined": "2025-05-23T00:46:24.805538Z"
    }
  },
  {
    "model": "accounts.user",
    "pk": 3,
    "fields": {
      "username": "user3",
      "name": "사용자3",
      "nickname": "nick3",
      "email": "user3@example.com",
      "password": "pbkdf2_sha256$260000$dummy$1234567890abcdef1234567890abcdef1234567890abcdef1234567890abcdef",
      "age": 48,
      "profile_image": null,
      "annual_income": 3000,
      "invest_type": "D",
      "preferred_term": "M",
      "is_active": true,
      "is_superuser": false,
      "is_staff": false,
      "last_login": null,
      "date_joined": "2025-05-23T00:46:24.805538Z"
    }
  },
  {
    "model": "accounts.user",
    "pk": 4,
    "fields": {
      "username": "user4",
      "name": "사용자4",
      "nickname": "nick4",
      "email": "user4@example.com",
      "password": "pbkdf2_sha256$260000$dummy$1234567890abcdef1234567890abcdef1234567890abcdef1234567890abcdef",
      "age": 37,
      "profile_image": null,
      "annual_income": 5000,
      "invest_type": "C",
      "preferred_term": "S",
      "is_active": true,
      "is_superuser": false,
      "is_staff": false,
      "last_login": null,
      "date_joined": "2025-05-23T00:46:24.805538Z"
    }
  },
  {
    "model": "accounts.user",
    "pk": 5,
    "fields": {
      "username": "user5",
      "name": "사용자5",
      "nickname": "nick5",
      "email": "user5@example.com",
      "password": "pbkdf2_sha256$260000$dummy$1234567890abcdef1234567890abcdef1234567890abcdef1234567890abcdef",
      "age": 35,
      "profile_image": null,
      "annual_income": 6000,
      "invest_type": "C",
      "preferred_term": "S",
      "is_active": true,
      "is_superuser": false,
      "is_staff": false,
      "last_login": null,
      "date_joined": "2025-05-23T00:46:24.805538Z"
    }
  },
  {
    "model": "community.article",
    "pk": 1,
    "fields": {
      "author": 3,
      "title": "게시글 제목 1",
      "content": "이것은 게시글 1의 내용입니다. 예금이나 적금 정보가 포함될 수 있습니다.",
      "created_at": "2025-05-07T00:46:24.805538Z",
      "updated_at": "2025-05-13T00:46:24.805538Z"
    }
  },
  {
    "model": "community.article",
    "pk": 2,
    "fields": {
      "author": 2,
      "title": "게시글 제목 2",
      "content": "이것은 게시글 2의 내용입니다. 예금이나 적금 정보가 포함될 수 있습니다.",
      "created_at": "2025-04-28T00:46:24.805538Z",
      "updated_at": "2025-05-07T00:46:24.805538Z"
    }
  },
  {
    "model": "community.article",
    "pk": 3,
    "fields": {
      "author": 2,
      "title": "게시글 제목 3",
      "content": "이것은 게시글 3의 내용입니다. 예금이나 적금 정보가 포함될 수 있습니다.",
      "created_at": "2025-05-22T00:46:24.805538Z",
      "updated_at": "2025-05-15T00:46:24.805538Z"
    }
  },
  {
    "model": "community.article",
    "pk": 4,
    "fields": {
      "author": 4,
      "title": "게시글 제목 4",
      "content": "이것은 게시글 4의 내용입니다. 예금이나 적금 정보가 포함될 수 있습니다.",
      "created_at": "2025-05-21T00:46:24.805538Z",
      "updated_at": "2025-05-09T00:46:24.805538Z"
    }
  },
  {
    "model": "community.article",
    "pk": 5,
    "fields": {
      "author": 5,
      "title": "게시글 제목 5",
      "content": "이것은 게시글 5의 내용입니다. 예금이나 적금 정보가 포함될 수 있습니다.",
      "created_at": "2025-05-14T00:46:24.805538Z",
      "updated_at": "2025-04-30T00:46:24.805538Z"
    }
  },
  {
    "model": "community.article",
    "pk": 6,
    "fields": {
      "author": 2,
      "title": "게시글 제목 6",
      "content": "이것은 게시글 6의 내용입니다. 예금이나 적금 정보가 포함될 수 있습니다.",
      "created_at": "2025-05-07T00:46:24.805538Z",
      "updated_at": "2025-05-20T00:46:24.805538Z"
    }
  },
  {
    "model": "community.article",
    "pk": 7,
    "fields": {
      "author": 3,
      "title": "게시글 제목 7",
      "content": "이것은 게시글 7의 내용입니다. 예금이나 적금 정보가 포함될 수 있습니다.",
      "created_at": "2025-05-09T00:46:24.805538Z",
      "updated_at": "2025-05-16T00:46:24.805538Z"
    }
  },
  {
    "model": "community.article",
    "pk": 8,
    "fields": {
      "author": 5,
      "title": "게시글 제목 8",
      "content": "이것은 게시글 8의 내용입니다. 예금이나 적금 정보가 포함될 수 있습니다.",
      "created_at": "2025-04-28T00:46:24.805538Z",
      "updated_at": "2025-05-16T00:46:24.805538Z"
    }
  },
  {
    "model": "community.article",
    "pk": 9,
    "fields": {
      "author": 5,
      "title": "게시글 제목 9",
      "content": "이것은 게시글 9의 내용입니다. 예금이나 적금 정보가 포함될 수 있습니다.",
      "created_at": "2025-05-20T00:46:24.805538Z",
      "updated_at": "2025-05-04T00:46:24.805538Z"
    }
  },
  {
    "model": "community.article",
    "pk": 10,
    "fields": {
      "author": 1,
      "title": "게시글 제목 10",
      "content": "이것은 게시글 10의 내용입니다. 예금이나 적금 정보가 포함될 수 있습니다.",
      "created_at": "2025-05-02T00:46:24.805538Z",
      "updated_at": "2025-05-22T00:46:24.805538Z"
    }
  },
  {
    "model": "community.article",
    "pk": 11,
    "fields": {
      "author": 5,
      "title": "게시글 제목 11",
      "content": "이것은 게시글 11의 내용입니다. 예금이나 적금 정보가 포함될 수 있습니다.",
      "created_at": "2025-05-14T00:46:24.805538Z",
      "updated_at": "2025-05-03T00:46:24.805538Z"
    }
  },
  {
    "model": "community.article",
    "pk": 12,
    "fields": {
      "author": 3,
      "title": "게시글 제목 12",
      "content": "이것은 게시글 12의 내용입니다. 예금이나 적금 정보가 포함될 수 있습니다.",
      "created_at": "2025-04-23T00:46:24.805538Z",
      "updated_at": "2025-05-08T00:46:24.805538Z"
    }
  },
  {
    "model": "community.article",
    "pk": 13,
    "fields": {
      "author": 2,
      "title": "게시글 제목 13",
      "content": "이것은 게시글 13의 내용입니다. 예금이나 적금 정보가 포함될 수 있습니다.",
      "created_at": "2025-05-09T00:46:24.805538Z",
      "updated_at": "2025-05-03T00:46:24.805538Z"
    }
  },
  {
    "model": "community.article",
    "pk": 14,
    "fields": {
      "author": 5,
      "title": "게시글 제목 14",
      "content": "이것은 게시글 14의 내용입니다. 예금이나 적금 정보가 포함될 수 있습니다.",
      "created_at": "2025-05-12T00:46:24.805538Z",
      "updated_at": "2025-04-28T00:46:24.805538Z"
    }
  },
  {
    "model": "community.article",
    "pk": 15,
    "fields": {
      "author": 2,
      "title": "게시글 제목 15",
      "content": "이것은 게시글 15의 내용입니다. 예금이나 적금 정보가 포함될 수 있습니다.",
      "created_at": "2025-05-11T00:46:24.805538Z",
      "updated_at": "2025-05-22T00:46:24.805538Z"
    }
  },
  {
    "model": "community.article",
    "pk": 16,
    "fields": {
      "author": 2,
      "title": "게시글 제목 16",
      "content": "이것은 게시글 16의 내용입니다. 예금이나 적금 정보가 포함될 수 있습니다.",
      "created_at": "2025-05-16T00:46:24.805538Z",
      "updated_at": "2025-04-30T00:46:24.805538Z"
    }
  },
  {
    "model": "community.article",
    "pk": 17,
    "fields": {
      "author": 1,
      "title": "게시글 제목 17",
      "content": "이것은 게시글 17의 내용입니다. 예금이나 적금 정보가 포함될 수 있습니다.",
      "created_at": "2025-05-07T00:46:24.805538Z",
      "updated_at": "2025-04-28T00:46:24.805538Z"
    }
  },
  {
    "model": "community.article",
    "pk": 18,
    "fields": {
      "author": 1,
      "title": "게시글 제목 18",
      "content": "이것은 게시글 18의 내용입니다. 예금이나 적금 정보가 포함될 수 있습니다.",
      "created_at": "2025-05-15T00:46:24.805538Z",
      "updated_at": "2025-05-15T00:46:24.805538Z"
    }
  },
  {
    "model": "community.article",
    "pk": 19,
    "fields": {
      "author": 4,
      "title": "게시글 제목 19",
      "content": "이것은 게시글 19의 내용입니다. 예금이나 적금 정보가 포함될 수 있습니다.",
      "created_at": "2025-05-05T00:46:24.805538Z",
      "updated_at": "2025-05-09T00:46:24.805538Z"
    }
  },
  {
    "model": "community.article",
    "pk": 20,
    "fields": {
      "author": 1,
      "title": "게시글 제목 20",
      "content": "이것은 게시글 20의 내용입니다. 예금이나 적금 정보가 포함될 수 있습니다.",
      "created_at": "2025-04-25T00:46:24.805538Z",
      "updated_at": "2025-05-08T00:46:24.805538Z"
    }
  },
  {
    "model": "community.comment",
    "pk": 1,
    "fields": {
      "article": 4,
      "author": 4,
      "content": "댓글 1 내용입니다. 유익한 정보 감사합니다!",
      "created_at": "2025-05-06T00:46:24.805538Z",
      "updated_at": "2025-04-24T00:46:24.805538Z"
    }
  },
  {
    "model": "community.comment",
    "pk": 2,
    "fields": {
      "article": 20,
      "author": 2,
      "content": "댓글 2 내용입니다. 유익한 정보 감사합니다!",
      "created_at": "2025-05-10T00:46:24.805538Z",
      "updated_at": "2025-05-12T00:46:24.805538Z"
    }
  },
  {
    "model": "community.comment",
    "pk": 3,
    "fields": {
      "article": 14,
      "author": 5,
      "content": "댓글 3 내용입니다. 유익한 정보 감사합니다!",
      "created_at": "2025-05-05T00:46:24.805538Z",
      "updated_at": "2025-05-12T00:46:24.805538Z"
    }
  },
  {
    "model": "community.comment",
    "pk": 4,
    "fields": {
      "article": 19,
      "author": 2,
      "content": "댓글 4 내용입니다. 유익한 정보 감사합니다!",
      "created_at": "2025-04-26T00:46:24.805538Z",
      "updated_at": "2025-04-26T00:46:24.805538Z"
    }
  },
  {
    "model": "community.comment",
    "pk": 5,
    "fields": {
      "article": 12,
      "author": 5,
      "content": "댓글 5 내용입니다. 유익한 정보 감사합니다!",
      "created_at": "2025-05-13T00:46:24.805538Z",
      "updated_at": "2025-05-21T00:46:24.805538Z"
    }
  },
  {
    "model": "community.comment",
    "pk": 6,
    "fields": {
      "article": 3,
      "author": 5,
      "content": "댓글 6 내용입니다. 유익한 정보 감사합니다!",
      "created_at": "2025-05-15T00:46:24.805538Z",
      "updated_at": "2025-04-30T00:46:24.805538Z"
    }
  },
  {
    "model": "community.comment",
    "pk": 7,
    "fields": {
      "article": 11,
      "author": 3,
      "content": "댓글 7 내용입니다. 유익한 정보 감사합니다!",
      "created_at": "2025-05-20T00:46:24.805538Z",
      "updated_at": "2025-05-20T00:46:24.805538Z"
    }
  },
  {
    "model": "community.comment",
    "pk": 8,
    "fields": {
      "article": 15,
      "author": 4,
      "content": "댓글 8 내용입니다. 유익한 정보 감사합니다!",
      "created_at": "2025-04-26T00:46:24.805538Z",
      "updated_at": "2025-05-01T00:46:24.805538Z"
    }
  },
  {
    "model": "community.comment",
    "pk": 9,
    "fields": {
      "article": 20,
      "author": 4,
      "content": "댓글 9 내용입니다. 유익한 정보 감사합니다!",
      "created_at": "2025-05-08T00:46:24.805538Z",
      "updated_at": "2025-05-07T00:46:24.805538Z"
    }
  },
  {
    "model": "community.comment",
    "pk": 10,
    "fields": {
      "article": 9,
      "author": 4,
      "content": "댓글 10 내용입니다. 유익한 정보 감사합니다!",
      "created_at": "2025-04-29T00:46:24.805538Z",
      "updated_at": "2025-05-06T00:46:24.805538Z"
    }
  },
  {
    "model": "community.comment",
    "pk": 11,
    "fields": {
      "article": 4,
      "author": 1,
      "content": "댓글 11 내용입니다. 유익한 정보 감사합니다!",
      "created_at": "2025-05-11T00:46:24.805538Z",
      "updated_at": "2025-04-28T00:46:24.805538Z"
    }
  },
  {
    "model": "community.comment",
    "pk": 12,
    "fields": {
      "article": 7,
      "author": 5,
      "content": "댓글 12 내용입니다. 유익한 정보 감사합니다!",
      "created_at": "2025-04-25T00:46:24.805538Z",
      "updated_at": "2025-04-28T00:46:24.805538Z"
    }
  },
  {
    "model": "community.comment",
    "pk": 13,
    "fields": {
      "article": 15,
      "author": 3,
      "content": "댓글 13 내용입니다. 유익한 정보 감사합니다!",
      "created_at": "2025-04-26T00:46:24.805538Z",
      "updated_at": "2025-04-23T00:46:24.805538Z"
    }
  },
  {
    "model": "community.comment",
    "pk": 14,
    "fields": {
      "article": 20,
      "author": 2,
      "content": "댓글 14 내용입니다. 유익한 정보 감사합니다!",
      "created_at": "2025-05-17T00:46:24.805538Z",
      "updated_at": "2025-05-01T00:46:24.805538Z"
    }
  },
  {
    "model": "community.comment",
    "pk": 15,
    "fields": {
      "article": 10,
      "author": 1,
      "content": "댓글 15 내용입니다. 유익한 정보 감사합니다!",
      "created_at": "2025-05-18T00:46:24.805538Z",
      "updated_at": "2025-04-27T00:46:24.805538Z"
    }
  },
  {
    "model": "community.comment",
    "pk": 16,
    "fields": {
      "article": 13,
      "author": 1,
      "content": "댓글 16 내용입니다. 유익한 정보 감사합니다!",
      "created_at": "2025-05-06T00:46:24.805538Z",
      "updated_at": "2025-05-08T00:46:24.805538Z"
    }
  },
  {
    "model": "community.comment",
    "pk": 17,
    "fields": {
      "article": 20,
      "author": 4,
      "content": "댓글 17 내용입니다. 유익한 정보 감사합니다!",
      "created_at": "2025-05-10T00:46:24.805538Z",
      "updated_at": "2025-04-27T00:46:24.805538Z"
    }
  },
  {
    "model": "community.comment",
    "pk": 18,
    "fields": {
      "article": 17,
      "author": 4,
      "content": "댓글 18 내용입니다. 유익한 정보 감사합니다!",
      "created_at": "2025-05-11T00:46:24.805538Z",
      "updated_at": "2025-05-14T00:46:24.805538Z"
    }
  },
  {
    "model": "community.comment",
    "pk": 19,
    "fields": {
      "article": 20,
      "author": 4,
      "content": "댓글 19 내용입니다. 유익한 정보 감사합니다!",
      "created_at": "2025-05-14T00:46:24.805538Z",
      "updated_at": "2025-05-13T00:46:24.805538Z"
    }
  },
  {
    "model": "community.comment",
    "pk": 20,
    "fields": {
      "article": 11,
      "author": 5,
      "content": "댓글 20 내용입니다. 유익한 정보 감사합니다!",
      "created_at": "2025-05-17T00:46:24.805538Z",
      "updated_at": "2025-05-17T00:46:24.805538Z"
    }
  },
  {
    "model": "community.comment",
    "pk": 21,
    "fields": {
      "article": 11,
      "author": 4,
      "content": "댓글 21 내용입니다. 유익한 정보 감사합니다!",
      "created_at": "2025-05-18T00:46:24.805538Z",
      "updated_at": "2025-05-01T00:46:24.805538Z"
    }
  },
  {
    "model": "community.comment",
    "pk": 22,
    "fields": {
      "article": 6,
      "author": 3,
      "content": "댓글 22 내용입니다. 유익한 정보 감사합니다!",
      "created_at": "2025-04-25T00:46:24.805538Z",
      "updated_at": "2025-05-05T00:46:24.805538Z"
    }
  },
  {
    "model": "community.comment",
    "pk": 23,
    "fields": {
      "article": 16,
      "author": 2,
      "content": "댓글 23 내용입니다. 유익한 정보 감사합니다!",
      "created_at": "2025-04-26T00:46:24.805538Z",
      "updated_at": "2025-04-25T00:46:24.805538Z"
    }
  },
  {
    "model": "community.comment",
    "pk": 24,
    "fields": {
      "article": 18,
      "author": 2,
      "content": "댓글 24 내용입니다. 유익한 정보 감사합니다!",
      "created_at": "2025-05-04T00:46:24.805538Z",
      "updated_at": "2025-05-18T00:46:24.805538Z"
    }
  },
  {
    "model": "community.comment",
    "pk": 25,
    "fields": {
      "article": 18,
      "author": 2,
      "content": "댓글 25 내용입니다. 유익한 정보 감사합니다!",
      "created_at": "2025-05-01T00:46:24.805538Z",
      "updated_at": "2025-05-06T00:46:24.805538Z"
    }
  },
  {
    "model": "community.comment",
    "pk": 26,
    "fields": {
      "article": 1,
      "author": 4,
      "content": "댓글 26 내용입니다. 유익한 정보 감사합니다!",
      "created_at": "2025-05-08T00:46:24.805538Z",
      "updated_at": "2025-05-03T00:46:24.805538Z"
    }
  },
  {
    "model": "community.comment",
    "pk": 27,
    "fields": {
      "article": 14,
      "author": 5,
      "content": "댓글 27 내용입니다. 유익한 정보 감사합니다!",
      "created_at": "2025-05-20T00:46:24.805538Z",
      "updated_at": "2025-05-22T00:46:24.805538Z"
    }
  },
  {
    "model": "community.comment",
    "pk": 28,
    "fields": {
      "article": 11,
      "author": 2,
      "content": "댓글 28 내용입니다. 유익한 정보 감사합니다!",
      "created_at": "2025-04-30T00:46:24.805538Z",
      "updated_at": "2025-05-14T00:46:24.805538Z"
    }
  },
  {
    "model": "community.comment",
    "pk": 29,
    "fields": {
      "article": 5,
      "author": 4,
      "content": "댓글 29 내용입니다. 유익한 정보 감사합니다!",
      "created_at": "2025-05-14T00:46:24.805538Z",
      "updated_at": "2025-04-25T00:46:24.805538Z"
    }
  },
  {
    "model": "community.comment",
    "pk": 30,
    "fields": {
      "article": 8,
      "author": 2,
      "content": "댓글 30 내용입니다. 유익한 정보 감사합니다!",
      "created_at": "2025-04-30T00:46:24.805538Z",
      "updated_at": "2025-05-19T00:46:24.805538Z"
    }
  },
  {
    "model": "community.comment",
    "pk": 31,
    "fields": {
      "article": 9,
      "author": 2,
      "content": "댓글 31 내용입니다. 유익한 정보 감사합니다!",
      "created_at": "2025-04-30T00:46:24.805538Z",
      "updated_at": "2025-05-04T00:46:24.805538Z"
    }
  },
  {
    "model": "community.comment",
    "pk": 32,
    "fields": {
      "article": 7,
      "author": 4,
      "content": "댓글 32 내용입니다. 유익한 정보 감사합니다!",
      "created_at": "2025-05-16T00:46:24.805538Z",
      "updated_at": "2025-05-01T00:46:24.805538Z"
    }
  },
  {
    "model": "community.comment",
    "pk": 33,
    "fields": {
      "article": 18,
      "author": 3,
      "content": "댓글 33 내용입니다. 유익한 정보 감사합니다!",
      "created_at": "2025-05-12T00:46:24.805538Z",
      "updated_at": "2025-05-22T00:46:24.805538Z"
    }
  },
  {
    "model": "community.comment",
    "pk": 34,
    "fields": {
      "article": 18,
      "author": 1,
      "content": "댓글 34 내용입니다. 유익한 정보 감사합니다!",
      "created_at": "2025-05-10T00:46:24.805538Z",
      "updated_at": "2025-05-17T00:46:24.805538Z"
    }
  },
  {
    "model": "community.comment",
    "pk": 35,
    "fields": {
      "article": 12,
      "author": 5,
      "content": "댓글 35 내용입니다. 유익한 정보 감사합니다!",
      "created_at": "2025-05-05T00:46:24.805538Z",
      "updated_at": "2025-05-23T00:46:24.805538Z"
    }
  },
  {
    "model": "community.comment",
    "pk": 36,
    "fields": {
      "article": 1,
      "author": 5,
      "content": "댓글 36 내용입니다. 유익한 정보 감사합니다!",
      "created_at": "2025-05-09T00:46:24.805538Z",
      "updated_at": "2025-05-14T00:46:24.805538Z"
    }
  },
  {
    "model": "community.comment",
    "pk": 37,
    "fields": {
      "article": 9,
      "author": 3,
      "content": "댓글 37 내용입니다. 유익한 정보 감사합니다!",
      "created_at": "2025-05-10T00:46:24.805538Z",
      "updated_at": "2025-05-04T00:46:24.805538Z"
    }
  },
  {
    "model": "community.comment",
    "pk": 38,
    "fields": {
      "article": 3,
      "author": 2,
      "content": "댓글 38 내용입니다. 유익한 정보 감사합니다!",
      "created_at": "2025-04-25T00:46:24.805538Z",
      "updated_at": "2025-04-27T00:46:24.805538Z"
    }
  },
  {
    "model": "community.comment",
    "pk": 39,
    "fields": {
      "article": 8,
      "author": 5,
      "content": "댓글 39 내용입니다. 유익한 정보 감사합니다!",
      "created_at": "2025-05-08T00:46:24.805538Z",
      "updated_at": "2025-04-23T00:46:24.805538Z"
    }
  },
  {
    "model": "community.comment",
    "pk": 40,
    "fields": {
      "article": 14,
      "author": 1,
      "content": "댓글 40 내용입니다. 유익한 정보 감사합니다!",
      "created_at": "2025-05-22T00:46:24.805538Z",
      "updated_at": "2025-05-09T00:46:24.805538Z"
    }
  },
  {
    "model": "community.comment",
    "pk": 41,
    "fields": {
      "article": 6,
      "author": 3,
      "content": "댓글 41 내용입니다. 유익한 정보 감사합니다!",
      "created_at": "2025-05-05T00:46:24.805538Z",
      "updated_at": "2025-05-06T00:46:24.805538Z"
    }
  },
  {
    "model": "community.comment",
    "pk": 42,
    "fields": {
      "article": 2,
      "author": 5,
      "content": "댓글 42 내용입니다. 유익한 정보 감사합니다!",
      "created_at": "2025-05-06T00:46:24.805538Z",
      "updated_at": "2025-04-28T00:46:24.805538Z"
    }
  },
  {
    "model": "community.comment",
    "pk": 43,
    "fields": {
      "article": 5,
      "author": 3,
      "content": "댓글 43 내용입니다. 유익한 정보 감사합니다!",
      "created_at": "2025-05-20T00:46:24.805538Z",
      "updated_at": "2025-05-19T00:46:24.805538Z"
    }
  },
  {
    "model": "community.comment",
    "pk": 44,
    "fields": {
      "article": 20,
      "author": 2,
      "content": "댓글 44 내용입니다. 유익한 정보 감사합니다!",
      "created_at": "2025-04-28T00:46:24.805538Z",
      "updated_at": "2025-05-13T00:46:24.805538Z"
    }
  },
  {
    "model": "community.comment",
    "pk": 45,
    "fields": {
      "article": 7,
      "author": 1,
      "content": "댓글 45 내용입니다. 유익한 정보 감사합니다!",
      "created_at": "2025-05-03T00:46:24.805538Z",
      "updated_at": "2025-05-16T00:46:24.805538Z"
    }
  },
  {
    "model": "community.comment",
    "pk": 46,
    "fields": {
      "article": 13,
      "author": 3,
      "content": "댓글 46 내용입니다. 유익한 정보 감사합니다!",
      "created_at": "2025-04-26T00:46:24.805538Z",
      "updated_at": "2025-05-02T00:46:24.805538Z"
    }
  },
  {
    "model": "community.comment",
    "pk": 47,
    "fields": {
      "article": 10,
      "author": 4,
      "content": "댓글 47 내용입니다. 유익한 정보 감사합니다!",
      "created_at": "2025-05-01T00:46:24.805538Z",
      "updated_at": "2025-05-02T00:46:24.805538Z"
    }
  },
  {
    "model": "community.comment",
    "pk": 48,
    "fields": {
      "article": 10,
      "author": 4,
      "content": "댓글 48 내용입니다. 유익한 정보 감사합니다!",
      "created_at": "2025-05-16T00:46:24.805538Z",
      "updated_at": "2025-04-24T00:46:24.805538Z"
    }
  },
  {
    "model": "community.comment",
    "pk": 49,
    "fields": {
      "article": 11,
      "author": 5,
      "content": "댓글 49 내용입니다. 유익한 정보 감사합니다!",
      "created_at": "2025-05-21T00:46:24.805538Z",
      "updated_at": "2025-04-25T00:46:24.805538Z"
    }
  },
  {
    "model": "community.comment",
    "pk": 50,
    "fields": {
      "article": 2,
      "author": 2,
      "content": "댓글 50 내용입니다. 유익한 정보 감사합니다!",
      "created_at": "2025-04-23T00:46:24.805538Z",
      "updated_at": "2025-05-09T00:46:24.805538Z"
    }
  },
  {
    "model": "community.comment",
    "pk": 51,
    "fields": {
      "article": 8,
      "author": 3,
      "content": "댓글 51 내용입니다. 유익한 정보 감사합니다!",
      "created_at": "2025-04-23T00:46:24.805538Z",
      "updated_at": "2025-04-27T00:46:24.805538Z"
    }
  },
  {
    "model": "community.comment",
    "pk": 52,
    "fields": {
      "article": 17,
      "author": 5,
      "content": "댓글 52 내용입니다. 유익한 정보 감사합니다!",
      "created_at": "2025-05-22T00:46:24.805538Z",
      "updated_at": "2025-05-11T00:46:24.805538Z"
    }
  },
  {
    "model": "community.comment",
    "pk": 53,
    "fields": {
      "article": 20,
      "author": 1,
      "content": "댓글 53 내용입니다. 유익한 정보 감사합니다!",
      "created_at": "2025-05-09T00:46:24.805538Z",
      "updated_at": "2025-04-26T00:46:24.805538Z"
    }
  },
  {
    "model": "community.comment",
    "pk": 54,
    "fields": {
      "article": 9,
      "author": 4,
      "content": "댓글 54 내용입니다. 유익한 정보 감사합니다!",
      "created_at": "2025-05-16T00:46:24.805538Z",
      "updated_at": "2025-04-28T00:46:24.805538Z"
    }
  },
  {
    "model": "community.comment",
    "pk": 55,
    "fields": {
      "article": 20,
      "author": 3,
      "content": "댓글 55 내용입니다. 유익한 정보 감사합니다!",
      "created_at": "2025-05-19T00:46:24.805538Z",
      "updated_at": "2025-05-06T00:46:24.805538Z"
    }
  },
  {
    "model": "community.comment",
    "pk": 56,
    "fields": {
      "article": 16,
      "author": 5,
      "content": "댓글 56 내용입니다. 유익한 정보 감사합니다!",
      "created_at": "2025-05-15T00:46:24.805538Z",
      "updated_at": "2025-04-28T00:46:24.805538Z"
    }
  },
  {
    "model": "community.comment",
    "pk": 57,
    "fields": {
      "article": 3,
      "author": 4,
      "content": "댓글 57 내용입니다. 유익한 정보 감사합니다!",
      "created_at": "2025-04-26T00:46:24.805538Z",
      "updated_at": "2025-05-12T00:46:24.805538Z"
    }
  },
  {
    "model": "community.comment",
    "pk": 58,
    "fields": {
      "article": 4,
      "author": 4,
      "content": "댓글 58 내용입니다. 유익한 정보 감사합니다!",
      "created_at": "2025-05-03T00:46:24.805538Z",
      "updated_at": "2025-05-05T00:46:24.805538Z"
    }
  },
  {
    "model": "community.comment",
    "pk": 59,
    "fields": {
      "article": 4,
      "author": 2,
      "content": "댓글 59 내용입니다. 유익한 정보 감사합니다!",
      "created_at": "2025-05-10T00:46:24.805538Z",
      "updated_at": "2025-05-02T00:46:24.805538Z"
    }
  },
  {
    "model": "community.comment",
    "pk": 60,
    "fields": {
      "article": 1,
      "author": 2,
      "content": "댓글 60 내용입니다. 유익한 정보 감사합니다!",
      "created_at": "2025-05-19T00:46:24.805538Z",
      "updated_at": "2025-04-29T00:46:24.805538Z"
    }
  }
]